{"input_img shape": [1122, 793], "detected box areas": [[72.34222412109375, 162.5017547607422, 383.83563232421875, 532.020263671875], [71.79285430908203, 528.0419311523438, 384.079833984375, 690.901123046875], [71.6981430053711, 81.93650817871094, 383.32672119140625, 163.67225646972656], [396.7585754394531, 625.828857421875, 709.4631958007812, 691.4901123046875], [398.8341369628906, 161.43992614746094, 711.7201538085938, 242.23870849609375], [410.2621154785156, 271.2735595703125, 710.4124145507812, 595.1621704101562], [399.0160827636719, 145.8651580810547, 515.9854736328125, 162.734130859375], [397.695068359375, 83.1181411743164, 712.3828125, 130.52427673339844], [73.8261947631836, 723.2903442382812, 704.1702270507812, 1019.8156127929688], [398.4614562988281, 610.1085205078125, 528.8997802734375, 627.2919921875], [408.5569763183594, 242.9233856201172, 611.8238525390625, 259.14764404296875], [71.2047348022461, 1026.8399658203125, 231.79664611816406, 1043.0018310546875]], "overall ratio of detected boxes": [[0.09122600771890763, 0.14483222349442262, 0.4840298011654713, 0.47417135799632354], [0.09053323368106184, 0.4706256070876504, 0.48433774777348676, 0.6157764020025623], [0.09041379950235952, 0.0730271908901167, 0.48338804689962955, 0.1458754513990433], [0.5003260724331061, 0.5577797303225267, 0.8946572456504177, 0.6163013478651403], [0.502943426182712, 0.14388585218133773, 0.8975033465429934, 0.21589902718011922], [0.5173544961898053, 0.2417767910608846, 0.8958542428130911, 0.5304475672104779], [0.5031728660323731, 0.13000459722019134, 0.6506752504827396, 0.14503933231673352], [0.5015070218907629, 0.07408033972755473, 0.8983389817150063, 0.11633179744509664], [0.09309734522469558, 0.6446438005688782, 0.8879826318420949, 0.9089265711167279], [0.502473463176328, 0.5437687348554479, 0.666960630861838, 0.5590837720031194], [0.5152042576524077, 0.2165092563459155, 0.7715307093809111, 0.23096937971744094], [0.08979159495869621, 0.9151871353122215, 0.2923034629485045, 0.9295916497813614]], "confidence scores": [0.9998296499252319, 0.9998028874397278, 0.9985957741737366, 0.9973583817481995, 0.9966213703155518, 0.994106650352478, 0.993036687374115, 0.9922997355461121, 0.9918162226676941, 0.9916297793388367, 0.9731378555297852, 0.9637971520423889], "categories": ["text", "text", "text", "text", "text", "list", "title", "text", "figure", "title", "text", "text"]}